{"stats":{"minecraft:killed_by":{"minecraft:zombie":2},"minecraft:custom":{"minecraft:jump":82,"minecraft:damage_dealt":141,"minecraft:time_since_rest":153,"minecraft:damage_taken":551,"minecraft:crouch_one_cm":632,"minecraft:leave_game":4,"minecraft:play_time":9499,"minecraft:sprint_one_cm":15389,"minecraft:time_since_death":122,"minecraft:walk_one_cm":7758,"minecraft:deaths":2,"minecraft:sneak_time":267,"minecraft:total_world_time":9499,"minecraft:fall_one_cm":838,"minecraft:fly_one_cm":9959},"minecraft:picked_up":{"minecraft:wheat_seeds":1,"minecraft:acacia_sapling":1,"minecraft:acacia_log":7,"minecraft:dirt":5},"minecraft:used":{"minecraft:dirt":3},"minecraft:mined":{"minecraft:short_grass":21,"minecraft:acacia_log":8,"minecraft:dirt":3}},"DataVersion":3955}