{"stats":{"minecraft:custom":{"minecraft:jump":91,"minecraft:time_since_rest":83,"minecraft:damage_dealt":282,"minecraft:leave_game":2,"minecraft:crouch_one_cm":340,"minecraft:play_time":13836,"minecraft:sprint_one_cm":13477,"minecraft:damage_taken":1027,"minecraft:time_since_death":0,"minecraft:walk_one_cm":31621,"minecraft:sneak_time":274,"minecraft:total_world_time":13836,"minecraft:fall_one_cm":1534,"minecraft:fly_one_cm":5118,"minecraft:walk_on_water_one_cm":389,"minecraft:deaths":4},"minecraft:mined":{"minecraft:short_grass":16,"minecraft:acacia_log":9,"minecraft:grass_block":7,"minecraft:acacia_leaves":3},"minecraft:picked_up":{"minecraft:wheat_seeds":1,"minecraft:acacia_log":10,"minecraft:dirt":3},"minecraft:killed_by":{"minecraft:zombie":4}},"DataVersion":3955}